{"cameraMode":{"drawMode":0,"name":"Shaded","section":"Shading Mode"},"sceneLighting":false,"audioPlay":false,"sceneViewState":{"m_AlwaysRefresh":false,"showFog":true,"showSkybox":false,"showFlares":true,"showImageEffects":true,"showParticleSystems":true,"showVisualEffectGraphs":true,"m_FxEnabled":true},"in2DMode":false,"pivot":{"x":-0.06890451908111572,"y":4.453774929046631,"z":-0.0688931941986084},"rotation":{"x":0.12549902498722077,"y":-0.8197656273841858,"z":0.19670510292053224,"w":0.5230163335800171},"size":2.5010249614715578,"orthographic":false}